"taxon_name","LL","UL"
"Abelmoschus crinitus",825,975
"Abies pindrow",950,3050
"Abies spectabilis",1000,3400
"Abrus precatorius",600,900
"Abutilon indicum",900,1100
"Acanthophyllum cerastioides",1600,3100
"Acanthospermum hispidum",550,950
"Acer acuminatum",1000,2500
"Acer caesium",609.5,2590.5
"Acer cappadocicum",750,2250
"Acer pentapomicum",300,2250
"Achillea millefolium",950,2650
"Achyranthes aspera",1400,1500
"Achyranthes bidentata",1150,1350
"Aconitum heterophyllum",950,3250
"Aconitum laeve",1000,3000
"Acorus calamus",1450,1550
"Actaea spicata",650,3050
"Adenocaulon himalaicum",1000,3000
"Adenostemma lavenia",800,1200
"Adina cordifolia",575,725
"Aegle marmelos",700,800
"Aeschynomene indica",900,1100
"Aesculus indica",750,2250
"Agave vivipara",300,1250
"Ageratina adenophora",900,1500
"Ageratum conyzoides",950,1050
"Ageratum houstonianum",650,750
"Agrimonia pilosa",1400,2400
"Agrostis gigantea",550,3450
"Agrostis munroana",1550,3350
"Agrostis stolonifera",1000,2500
"Ailanthus altissima",1050,2750
"Ainsliaea aptera",1400,2600
"Ainsliaea latifolia",1580,2380
"Ajuga integrifolia",2350,2750
"Ajuga macrosperma",1450,1850
"Ajuga parviflora",1550,2400
"Alangium chinense",1380,1620
"Albizia chinensis",967,1167
"Albizia lebbeck",743.5,956.5
"Albizia odoratissima",700,800
"Aletris pauciflora",1700,3200
"Alisma plantago-aquatica",400,1400
"Allium cepa",700,1100
"Allium humile",1105,2905
"Allium victorialis",600,3300
"Allium wallichii",1175,3475
"Alnus nepalensis",1600,1700
"Aloe vera",500,900
"Alstonia scholaris",700,800
"Alternanthera sessilis",900,1100
"Alysicarpus bupleurifolius",409.5,809.5
"Alysicarpus monilifer",300,600
"Alysicarpus vaginalis",650,850
"Amaranthus caudatus",650,1650
"Amaranthus viridis",675,825
"Ampelocissus latifolia",650,950
"Anaphalis busua",1990,2090
"Anaphalis contorta",1900,3100
"Anaphalis margaritacea",1800,2700
"Anaphalis nepalensis",1250,3250
"Anaphalis triplinervis",1375,2875
"Andrographis echioides",300,800
"Andrographis paniculata",300,700
"Androsace lanuginosa",750,2250
"Androsace sarmentosa",1020,3020
"Androsace sempervivoides",550,3550
"Androsace umbellata",950,1050
"Anemonastrum obtusilobum",1250,3250
"Anemonastrum tetrasepalum",750,2850
"Anethum graveolens",1200,1400
"Angelica glauca",600,2600
"Anisomeles indica",1125,1325
"Apium graveolens",1200,1600
"Apluda mutica",1150,1350
"Aquilegia pubiflora",1000,2500
"Arabis pterosperma",1450,2950
"Ardisia solanacea",793.5,1006.5
"Arenaria serpyllifolia",1550,1950
"Argemone mexicana",725,875
"Argostemma sarmentosum",900,1200
"Argostemma verticillatum",900,1500
"Arisaema costatum",450,2350
"Arisaema flavum",1000,2800
"Arisaema intermedium",1250,2250
"Arisaema jacquemontii",1135,3135
"Arisaema tortuosum",1525,1675
"Arisaema utile",800,3200
"Artemisia indica",1450,1550
"Artemisia roxburghiana",2000,3600
"Artemisia vestita",1050,2750
"Artemisia vulgaris",2148,2452
"Artocarpus heterophyllus",350,450
"Artocarpus lacucha",750,850
"Arundinella bengalensis",950,1050
"Arundinella nepalensis",1200,1300
"Arundo donax",1200,1300
"Asclepias curassavica",950,1050
"Asparagus racemosus",975,1125
"Asphodelus tenuifolius",550,950
"Aster molliusculus",550,2150
"Astilbe rivularis",1050,2550
"Avena fatua",1720,2120
"Azadirachta indica",1110,1210
"Azanza lampas",700,800
"Baccharoides anthelmintica",800,1200
"Bacopa monnieri",700,800
"Baliospermum solanifolium",750,850
"Barleria cristata",1200,1300
"Barleria prionitis",400,800
"Basella alba",950,1050
"Bauhinia purpurea",800,1000
"Bauhinia variegata",950,1050
"Begonia picta",1300,1700
"Berberis aristata",1000,2900
"Berberis asiatica",1250,1750
"Berberis chitria",1150,2650
"Berberis coriaria",300,2500
"Berberis jaeschkeana",650,3350
"Berberis lycium",1250,1750
"Bergenia ciliata",550,2950
"Bergenia stracheyi",1250,3250
"Bergera koenigii",950,1050
"Betula alnoides",1550,1650
"Betula utilis",900,3400
"Biancaea decapetala",900,1300
"Bidens bipinnata",1200,1300
"Bidens biternata",950,1050
"Bidens pilosa",1450,1550
"Bidens tripartita",1650,1750
"Bistorta affinis",650,3600
"Bistorta amplexicaulis",1900,2900
"Bistorta emodi",780.5,3219.5
"Bistorta vivipara",1050,3600
"Blainvillea acmella",700,1000
"Blepharis maderaspatensis",550,950
"Blumea axillaris",1125,1325
"Blumea lacera",635.5,735.5
"Blumea sinuata",300,700
"Boehmeria penduliflora",1200,1300
"Boenninghausenia albiflora",1450,1850
"Boerhavia diffusa",1000,1200
"Bombax ceiba",712,812
"Bonnaya ciliata",700,800
"Boswellia serrata",1050,1150
"Bothriochloa pertusa",1800,2000
"Brachycorythis obcordata",750,1250
"Brachypodium sylvaticum",1360,2910
"Brassica rapa",1700,2100
"Bridelia retusa",775,875
"Bromus japonicus",1000,3000
"Broussonetia papyrifera",850,1350
"Buchanania cochinchinensis",925,1075
"Buchnera hispida",700,1700
"Buddleja asiatica",1350,1450
"Buddleja crispa",1700,2700
"Bupleurum aitchisonii",500,3000
"Bupleurum candollei",1150,2850
"Bupleurum gracillimum",600,3400
"Bupleurum hamiltonii",1350,1850
"Bupleurum lanceolatum",1050,2450
"Bupleurum longicaule",1450,3450
"Bupleurum maddenii",300,2950
"Bupleurum marginatum",1866.5,2933.5
"Butea monosperma",700,800
"Buxus wallichiana",550,2350
"Caesalpinia pulcherrima",350,650
"Cajanus scarabaeoides",1300,1400
"Calamagrostis emodensis",1500,3000
"Calamagrostis pseudophragmites",2150,2450
"Calanthe tricarinata",1350,2650
"Callicarpa macrophylla",950,1050
"Calotropis gigantea",450,550
"Calotropis procera",400,500
"Caltha palustris",1600,3400
"Calyptocarpus vialis",400,800
"Campanula argyrotricha",1130.5,3569.5
"Campanula dimorphantha",1200,1500
"Campanula latifolia",900,2900
"Campanula pallida",1950,2550
"Campylotropis macrostyla",1125,1525
"Cannabis sativa",1400,1600
"Capillipedium assimile",1030,1270
"Capillipedium parviflorum",1250,1450
"Capparis decidua",300,475
"Capparis sepiaria",300,700
"Capparis spinosa",1372.5,1572.5
"Capparis zeylanica",425,575
"Capsella bursa-pastoris",2050,2450
"Caragana brevispina",750,2450
"Cardamine hirsuta",1400,1800
"Cardamine impatiens",1750,2250
"Cardamine macrophylla",2000,2500
"Cardiocrinum giganteum",1230,2430
"Cardiospermum halicacabum",1025,1175
"Carex capillifolia",1900,3100
"Carex clavispica",1450,3600
"Carex filicina",1695,2305
"Carex haematostoma",1115,3600
"Carex nivalis",1250,3600
"Carex nubigena",1635,2635
"Carex obscura",1300,3000
"Carex parvula",2250,3350
"Carex pseudolaxa",1400,3100
"Carex remota",750,2450
"Carex unciniiformis",1400,3600
"Carex wallichiana",1000,2500
"Carica papaya",550,650
"Carissa spinarum",850,950
"Carpesium abrotanoides",1650,1750
"Carpesium cernuum",750,2250
"Carpinus viminea",1700,1800
"Cascabela thevetia",685,815
"Casearia graveolens",925,1075
"Casearia tomentosa",1150,1350
"Cassia fistula",700,800
"Cassine albens",300,650
"Cassiope fastigiata",1100,3600
"Catharanthus roseus",700,800
"Catunaregam spinosa",400,1500
"Causonis trifolia",700,800
"Cautleya spicata",950,2050
"Cedrus deodara",926.5,2426.5
"Celastrus paniculatus",1185,1335
"Celosia argentea",1050,1150
"Celtis tetrandra",1348,1652
"Cenchrus americanus",1300,1400
"Cenchrus ciliaris",400,800
"Cenchrus setigerus",300,700
"Centella asiatica",1100,1400
"Cephalanthera longifolia",1150,2350
"Cestrum nocturnum",700,1100
"Chaerophyllum reflexum",988,2512
"Chaerophyllum villosum",950,2650
"Chamaecrista absus",648,952
"Chamaecrista mimosoides",1200,1300
"Chamaecrista nomame",985,1385
"Chenopodiastrum murale",650,1050
"Chenopodium album",2350,2650
"Chionanthus ramiflorus",950,1050
"Chrysojasminum humile",1350,2350
"Chrysopogon aciculatus",1100,1200
"Chrysopogon fulvus",350,650
"Chrysopogon serrulatus",1100,1400
"Cinnamomum tamala",1100,1400
"Circaea alpina",1250,2850
"Cirsium arvense",698,1002
"Cirsium falconeri",950,3350
"Cirsium wallichii",1550,1950
"Cissampelos pareira",1050,1150
"Clematis barbellata",1100,2600
"Clematis buchananiana",1450,1550
"Clematis gouriana",1425,1575
"Clematis grata",1100,1600
"Clematis montana",1300,2800
"Cleome viscosa",900,1100
"Clerodendrum indicum",650,750
"Clerodendrum phlomidis",300,650
"Clintonia udensis",1200,2800
"Clitoria ternatea",850,950
"Coccinia grandis",715,835
"Cocculus hirsutus",348,652
"Cocculus laurifolius",1098,1402
"Codonopsis viridis",1050,2250
"Colebrookea oppositifolia",1020,1220
"Colocasia esculenta",1295,1395
"Comastoma tenellum",1000,3600
"Combretum indicum",400,600
"Commelina benghalensis",950,1250
"Commelina paludosa",1700,1800
"Commicarpus chinensis",300,700
"Convolvulus arvensis",1850,2250
"Convolvulus prostratus",800,1200
"Corchorus aestuans",1200,1500
"Corchorus olitorius",409.5,809.5
"Cordia dichotoma",800,1000
"Cordia vestita",457.5,761.5
"Cordiofontis flexuosa",1050,2850
"Cordiofontis peduncularis",850,2250
"Coriaria napalensis",1295.5,1904.5
"Cornus capitata",1100,2300
"Cornus macrophylla",1050,1950
"Corydalis govaniana",1200,3600
"Corydalis thyrsiflora",1050,3600
"Corydalis vaginans",1250,3250
"Corylus jacquemontii",750,2250
"Cotinus coggygria",850,1650
"Cotoneaster acuminatus",1250,3500
"Cotoneaster affinis",400,2700
"Cotoneaster integrifolius",650,3600
"Cotoneaster microphyllus",1500,3600
"Cotoneaster roseus",1550,1950
"Craniotome furcata",1150,2050
"Crepidium acuminatum",1275,1725
"Crotalaria albida",1300,1500
"Crotalaria medicaginea",1050,1450
"Crotalaria prostrata",950,1350
"Crotalaria spectabilis",1250,1450
"Croton bonplandianus",450,550
"Crucihimalaya stricta",700,2900
"Cryptolepis buchananii",1125,1225
"Cucumis maderaspatanus",840,960
"Cucumis sativus",800,1200
"Cupressus torulosa",850,2450
"Curculigo orchioides",850,950
"Cuscuta reflexa",1700,1900
"Cyanotis vaga",1350,1750
"Cyanthillium cinereum",1700,1800
"Cyathocline purpurea",700,1100
"Cyathula capitata",1150,2150
"Cyathula tomentosa",1050,1650
"Cyclospermum leptophyllum",400,1100
"Cymbalaria muralis",300,2100
"Cymbopogon martini",800,1200
"Cynodon dactylon",1450,1550
"Cynoglossum lanceolatum",1575,1725
"Cynoglossum microglochin",650,3150
"Cynoglossum wallichii",1890,2290
"Cynoglossum zeylanicum",1750,2350
"Cyperus compressus",1200,1300
"Cyperus cuspidatus",1725,1875
"Cyperus dubius",1050,1450
"Cyperus niveus",1400,1500
"Cyperus rotundus",1150,1250
"Cypripedium cordigerum",950,3050
"Cypripedium himalaicum",1100,3600
"Dactyloctenium aegyptium",650,850
"Dactylorhiza hatagirea",1700,2300
"Dalbergia lanceolaria",450,550
"Dalbergia sissoo",600,800
"Daphne papyracea",1200,2200
"Datura innoxia",600,1450
"Datura metel",600,700
"Datura stramonium",1400,1600
"Debregeasia longifolia",1200,1300
"Debregeasia saeneb",1000,1400
"Decalepidanthus racemosus",750,2750
"Deeringia amaranthoides",850,950
"Delonix regia",650,850
"Delphinium denudatum",1500,2000
"Delphinium vestitum",1350,3350
"Dendrocalamus strictus",709.5,814.5
"Dendrophthoe falcata",1150,1550
"Deutzia corymbosa",700,2800
"Deutzia staminea",1143,2057
"Dichanthium annulatum",825,975
"Dicliptera bupleuroides",1150,1350
"Dicliptera chinensis",1000,1200
"Dicliptera paniculata",400,900
"Dienia cylindrostachya",1100,2900
"Digera muricata",300,700
"Digitaria abludens",1075,1375
"Digitaria cruciata",1550,1950
"Digitaria sanguinalis",450,2150
"Digitaria stricta",1000,1400
"Dinetus racemosus",1550,1650
"Dioscorea belophylla",975,1175
"Dioscorea bulbifera",1300,1400
"Dioscorea deltoidea",1700,1800
"Dioscorea melanophyma",1475,1875
"Dioscorea pentaphylla",1075,1175
"Diospyros chloroxylon",350.5,563.5
"Diospyros montana",457.5,761.5
"Diplocyclos palmatus",1200,1300
"Dipsacus inermis",1440.5,2659.5
"Disporum cantoniense",1325,2025
"Dodonaea viscosa",800,1200
"Dolomiaea macrocephala",650,3600
"Drepanostachyum falcatum",800,2000
"Drimia indica",1000,1400
"Drymaria cordata",2000,2300
"Duhaldea cappa",1225,1375
"Duhaldea cuspidata",1350,1650
"Dumasia villosa",1325,1675
"Duranta erecta",725,925
"Echinochloa colonum",1000,1400
"Echinochloa crus-galli",1152.5,1457.5
"Eclipta prostrata",500,3000
"Ehretia aspera",550,650
"Eleocharis congesta",1400,1600
"Eleocharis palustris",2400,2800
"Elsholtzia ciliata",1130,2530
"Elsholtzia eriostachya",1040,3600
"Elsholtzia fruticosa",1500,2700
"Elsholtzia strobilifera",1650,3150
"Elymus semicostatus",1150,2850
"Emilia sonchifolia",950,1050
"Engelhardia spicata",850,1250
"Epilobium amurense",1500,2100
"Epilobium brevifolium",1750,2350
"Epilobium cylindricum",2000,2200
"Epilobium latifolium",600,3600
"Epilobium laxum",1000,3000
"Epilobium royleanum",1350,2750
"Epipactis helleborine",1550,3050
"Epipactis royleana",1550,2450
"Equilabium molle",950,1850
"Eragrostis atrovirens",850,1050
"Eragrostis pilosa",1100,1300
"Eragrostis unioloides",950,1250
"Eragrostis viscosa",300,1075
"Eranthemum pulchellum",650,850
"Eremogone festucoides",862.5,3600
"Erigeron acris",300,3000
"Erigeron annuus",750,2250
"Erigeron canadensis",1700,1800
"Erigeron multiradiatus",1400,3400
"Erigeron uniflorus",1100,3100
"Eriocapitella rivularis",2067.5,2432.5
"Eriocapitella vitifolia",1000,2300
"Erioscirpus comosus",1650,1850
"Erodium cicutarium",1000,2200
"Erythrina suberosa",400,1200
"Eschenbachia japonica",1100,1500
"Eucalyptus tereticornis",750,1050
"Eulalia hirtifolia",1000,2500
"Eulalia mollis",1100,2600
"Eulaliopsis binata",1225,1375
"Euonymus echinatus",1250,2250
"Euonymus fimbriatus",1150,2850
"Euonymus hamiltonianus",1150,1850
"Euonymus lucidus",750,2250
"Euonymus tingens",1200,2500
"Euphorbia clarkeana",300,600
"Euphorbia helioscopia",1250,1450
"Euphorbia heterophylla",1050,1450
"Euphorbia hirta",1175,1325
"Euphorbia indica",650,1050
"Euphorbia maddenii",300,2100
"Euphorbia neriifolia",700,1100
"Euphorbia pulcherrima",485,715
"Euphorbia royleana",1015,1115
"Euphorbia stracheyi",1500,3500
"Euphorbia thymifolia",800,1000
"Euploca strigosa",700,800
"Eurya acuminata",1600,2400
"Evolvulus alsinoides",800,1200
"Evolvulus nummularius",675,825
"Evotrochis floribunda",793,1707
"Fagopyrum cymosum",1650,2350
"Fagopyrum esculentum",1965,2235
"Falconeria insignis",850,1150
"Festuca kashmiriana",300,3300
"Festuca valesiaca",1750,3250
"Ficus auriculata",1000,1200
"Ficus benghalensis",800,900
"Ficus carica",300,700
"Ficus hispida",600,700
"Ficus neriifolia",1300,1400
"Ficus palmata",1393.5,1606.5
"Ficus racemosa",800,900
"Ficus religiosa",725,875
"Ficus sarmentosa",1150,1550
"Ficus semicordata",850,1050
"Filipendula vestita",1000,3000
"Fimbristylis dichotoma",1555,1655
"Fimbristylis quinquangularis",950,1050
"Fimbristylis rigidula",425,575
"Flacourtia indica",1140,1440
"Flacourtia jangomas",550,650
"Flemingia semialata",848,1152
"Flemingia strobilifera",1325,1425
"Flueggea virosa",1225,1475
"Fraxinus micrantha",900,2100
"Fritillaria cirrhosa",1090,3600
"Fumaria indica",1125,1275
"Gagea lutea",1300,3000
"Gagea serotina",1100,3600
"Galinsoga parviflora",1300,1700
"Galium acutum",1898,2202
"Galium aparine",1800,2200
"Galium asperifolium",1700,2300
"Galium asperuloides",850,2350
"Galium elegans",1650,1850
"Garuga pinnata",700,800
"Gaultheria trichophylla",900,3600
"Gentiana argentea",2000,2400
"Gentiana pedicellata",1875,2625
"Gentianopsis paludosa",938.5,3600
"Geranium himalayense",850,3350
"Geranium lucidum",600,2400
"Geranium mascatense",1598,1902
"Geranium nepalense",1500,2500
"Geranium robertianum",1009.5,2990.5
"Geranium wallichianum",1300,2900
"Geum elatum",1350,3350
"Girardinia diversifolia",1300,1700
"Glochidion heyneanum",839.5,989.5
"Gloriosa superba",1050,1150
"Gmelina arborea",800,900
"Gnaphalium polycaulon",925,1125
"Gonostegia triandra",1200,1300
"Goodyera biflora",1000,1500
"Goodyera fusca",1835,3335
"Goodyera repens",1600,2600
"Gossypium arboreum",600,900
"Grangea maderaspatana",450,550
"Grevillea robusta",700,800
"Grewia eriocarpa",648,952
"Grewia optiva",1175,1325
"Grewia tenax",300,600
"Grewia tiliifolia",300,750
"Griffitharia lanata",450,2950
"Grona heterocarpos",1200,1300
"Grona triflora",1100,1200
"Guilandina bonduc",775,875
"Gymnosporia royleana",800,1200
"Habenaria commelinifolia",450,750
"Habenaria intermedia",750,2250
"Habenaria marginata",800,1200
"Habenaria pectinata",1400,1800
"Habenaria plantaginea",300,700
"Hackelia uncinata",750,3450
"Halenia elliptica",2088.5,2788.5
"Hedera nepalensis",1000,2200
"Hedychium spicatum",1295,1905
"Helicteres isora",675,825
"Helinus lanceolatus",1050,1450
"Hellenia speciosa",300,825
"Hemiphragma heterophyllum",1885,2385
"Hemipilia chusua",1250,3600
"Henckelia bifolia",1550,2450
"Heracleum candicans",1550,3050
"Herminium clavigerum",1400,3200
"Herminium edgeworthii",750,2250
"Herminium elisabethae",900,2900
"Herminium lanceum",1950,2350
"Herminium monorchis",850,3600
"Heteropogon contortus",1300,1700
"Hibiscus lobatus",562.5,962.5
"Himalrandia tetrasperma",1200,1800
"Hippolytia longifolia",700,3600
"Holmskioldia sanguinea",700,800
"Holoptelea integrifolia",550,650
"Hygrophila auriculata",300,450
"Hylotelephium ewersii",1850,3600
"Hymenidium brunonis",1000,3600
"Hymenidium stellatum",780.5,3219.5
"Hymenodictyon orixense",800,900
"Hymenolaena candollei",1000,3600
"Hypericum choisyanum",1000,2600
"Hypericum dyeri",500,2000
"Hypericum elodeoides",1200,2300
"Hypericum oblongifolium",1100,1900
"Hypericum perforatum",1000,2000
"Hypoxis aurea",1630,2030
"Ichnocarpus frutescens",700,1100
"Ilex dipyrena",1200,2200
"Impatiens amplexicaulis",850,2850
"Impatiens arguta",850,2650
"Impatiens balsamina",850,1050
"Impatiens brachycentra",1500,2400
"Impatiens glandulifera",1100,2800
"Impatiens glauca",300,3148
"Impatiens laxiflora",1035.5,2864.5
"Impatiens racemosa",1500,3000
"Impatiens scabrida",1300,2300
"Impatiens sulcata",1200,2900
"Indigofera astragalina",650,950
"Indigofera atropurpurea",300,1800
"Indigofera cassioides",1225,1525
"Indigofera cordifolia",300,600
"Indigofera dosua",1400,1600
"Indigofera hebepetala",600,2600
"Indigofera heterantha",1700,1800
"Indigofera linifolia",650,850
"Indigofera tsiangiana",300,700
"Ipomoea cairica",300,600
"Ipomoea eriocarpa",700,1100
"Ipomoea hederifolia",700,800
"Ipomoea muricata",675,825
"Ipomoea pes-tigridis",675,825
"Ipomoea purpurea",1375,1625
"Ipomoea quamoclit",890,1110
"Iris decora",1400,2600
"Iris kemaonensis",2050,2450
"Isodon coetsa",1675,2075
"Isodon lophanthoides",950,1725
"Isodon rugosus",1100,2000
"Jacaranda mimosifolia",500,700
"Jacobaea analoga",1425,2525
"Jacobaea nudicaulis",1950,2050
"Jaeschkea canaliculata",600,3600
"Jasminum arborescens",650,850
"Jasminum multiflorum",700,800
"Jasminum officinale",1300,1700
"Jatropha curcas",950,1050
"Juglans regia",1250,1750
"Juncus bufonius",2235,2335
"Juncus concinnus",1700,3500
"Juncus himalensis",1450,3600
"Juncus thomsonii",1250,3600
"Jurinea auriculata",1360.5,3189.5
"Jurinea heteromalla",1800,2200
"Justicia adhatoda",850,950
"Kalanchoe integra",462,1062
"Kalanchoe pinnata",600,900
"Klasea pallida",1350,1750
"Koeleria spicata",1550,3600
"Koenigia delicatula",900,3500
"Koenigia filicaulis",1450,3450
"Koenigia mollis",1750,2250
"Koenigia polystachya",1250,3250
"Koenigia rumicifolia",700,3600
"Kohautia coccinea",1150,1550
"Kydia calycina",650,750
"Lamium album",1250,2750
"Lannea coromandelica",950,1050
"Lantana camara",893.5,1106.5
"Lathraea squamaria",300,2750
"Lathyrus aphaca",1050,1150
"Lathyrus emodi",500,2500
"Lathyrus sativus",650,850
"Lathyrus sphaericus",1050,1450
"Launaea procumbens",500,1500
"Lawsonia inermis",300,700
"Lecanthus peduncularis",1400,1800
"Leea asiatica",925,1075
"Leonurus cardiaca",900,2700
"Lepidagathis cuspidata",893.5,1106.5
"Lepidagathis incurva",775,875
"Lepidagathis purpuricaulis",610,914
"Lepidium didymum",950,1050
"Lepidium sativum",1400,1600
"Leptodermis lanceolata",1250,2250
"Leptodesmia microphylla",1300,1400
"Leptopus cordifolius",1150,1450
"Leptorhabdos parviflora",800,2500
"Lepyrodiclis holosteoides",527.5,3572.5
"Lespedeza gerardiana",1075,2575
"Lespedeza juncea",1300,1700
"Leucaena leucocephala",600,1000
"Leucanthemum vulgare",800,2200
"Leucas cephalotes",1125,1275
"Leucas decemdentata",1450,1550
"Leucas lanata",1300,1700
"Leucomeris spectabilis",714.5,1114.5
"Leucosyke puya",712,812
"Leycesteria formosa",1329,2329
"Ligularia amplexicaulis",750,3600
"Ligusticopsis wallichiana",1050,2950
"Lindelofia longiflora",900,3600
"Lindenbergia indica",400,2150
"Lindenbergia macrostachya",800,1200
"Liparis odorata",1200,1300
"Litsea glutinosa",775,925
"Litsea monopetala",850,950
"Lobelia heyneana",1050,1450
"Lolium temulentum",950,1350
"Lonicera acuminata",1350,3150
"Lonicera angustifolia",1350,3150
"Lonicera asperifolia",1000,3500
"Lonicera hypoleuca",728.5,3471.5
"Lonicera obovata",900,3600
"Lonicera quinquelocularis",1350,2150
"Lonicera webbiana",1150,3350
"Luffa acutangula",450,550
"Lyonia ovalifolia",1453,2053
"Lysimachia arvensis",1250,1450
"Lysimachia chenopodioides",650,2450
"Machilus duthiei",1250,1750
"Machilus odoratissima",1300,1400
"Madhuca longifolia",425,575
"Maianthemum purpureum",935,3335
"Malaxis muscifera",1400,2900
"Mallotus philippensis",825,975
"Malva neglecta",900,2100
"Malva parviflora",1650,1850
"Malva verticillata",1000,2200
"Malvastrum coromandelianum",400,800
"Mangifera indica",475,775
"Marsdenia roylei",800,3050
"Martynia annua",1100,1400
"Mazus pumilus",1250,1450
"Mazus surculosus",1325,1725
"Meconopsis aculeata",750,3600
"Medicago lupulina",1800,2200
"Medicago monantha",875,1125
"Medicago polymorpha",798,1102
"Melaleuca viminalis",550,950
"Melanoseris brunoniana",900,2900
"Melanoseris macrorhiza",1250,2750
"Melia azedarach",1110,1210
"Melilotus indicus",1675,1925
"Meliosma dilleniifolia",750,2250
"Melochia corchorifolia",650,850
"Mentha longifolia",2050,2450
"Merremia hederacea",450,550
"Mesosphaerum suaveolens",925,1075
"Mesostemma latifolium",1050,2650
"Micranthes pallida",900,3600
"Micromeria biflora",2300,2700
"Milium effusum",300,2700
"Miliusa velutina",382,532
"Millettia extensa",700,800
"Mimosa pudica",700,800
"Mimosa rubicaulis",1088,1392
"Mirabilis jalapa",850,1150
"Mitragyna parvifolia",425,575
"Momordica charantia",950,1150
"Morina longifolia",950,3250
"Moringa oleifera",550,650
"Morus alba",1200,1300
"Mucuna pruriens",600,700
"Muhlenbergia himalayensis",1080,2580
"Murdannia divergens",1005,1505
"Murdannia nudiflora",1150,1250
"Musa Ã— paradisiaca",400,800
"Myosotis sylvatica",1000,3000
"Myriactis nepalensis",1600,2300
"Myrica esculenta",700,1600
"Myrsine africana",1150,1550
"Myrsine semiserrata",1100,1600
"Nanorrhinum ramosissimum",1100,1500
"Naringi crenulata",300,700
"Neolitsea cuipala",800,1800
"Neolitsea pallens",500,3000
"Neottia listeroides",800,2800
"Nepeta ciliaris",1800,2200
"Nepeta connata",750,2850
"Nepeta erecta",1000,3000
"Nepeta hindostana",1500,1900
"Nepeta laevigata",2300,2700
"Nepeta podostachys",800,3500
"Nerium oleander",950,1050
"Nicandra physalodes",925,1675
"Nicotiana plumbaginifolia",900,1300
"Nicotiana rustica",300,1400
"Nicotiana tabacum",1200,1300
"Nidorella aegyptiaca",350,1850
"Noccaea cochleariformis",2150,3600
"Nyctanthes arbor-tristis",650,850
"Ocimum americanum",400,800
"Ocimum gratissimum",400,800
"Ocimum tenuiflorum",800,1200
"Oenothera rosea",1200,1300
"Oldenlandia corymbosa",1200,1400
"Ophiopogon intermedius",1545,2455
"Oplismenus burmanni",1045,1245
"Oplismenus compositus",1350,1650
"Oplismenus undulatifolius",650,2150
"Opuntia elatior",300,1580
"Oreoseris gossypina",1500,1900
"Origanum vulgare",1700,2300
"Orobanche alba",850,2550
"Oroxylum indicum",662.5,862.5
"Osyris lanceolata",1100,1500
"Ototropis multiflora",1325,1425
"Ougeinia oojeinensis",610,914
"Ouret sanguinolenta",825,975
"Oxalis corniculata",1375,1625
"Oxalis debilis",1125,1375
"Oxalis dehradunensis",550,950
"Oxyria digyna",1300,3600
"Papaver dubium",1198,1502
"Paris polyphylla",1350,2650
"Parnassia nubicola",1400,3000
"Parthenium hysterophorus",950,1050
"Parthenocissus semicordata",915,2285
"Pedicularis bicornuta",650,3350
"Pedicularis bifida",2000,3000
"Pedicularis gracilis",1200,3000
"Pedicularis hoffmeisteri",750,3250
"Pedicularis longiflora",1530,3600
"Pedicularis pectinata",1150,2850
"Pedicularis punctata",800,3200
"Pedicularis pyramidata",1200,3300
"Pedicularis siphonantha",750,3600
"Pentanema divaricatum",459.5,759.5
"Pergularia daemia",450,550
"Persicaria capitata",1400,1900
"Persicaria hydropiper",1325,1425
"Persicaria nepalensis",1950,2150
"Persicaria posumbu",1450,1550
"Persicaria pubescens",1300,1635
"Phacelurus speciosus",950,2550
"Phalaris minor",950,1350
"Phanera roxburghiana",598,902
"Phanera vahlii",1450,1550
"Phleum alpinum",2000,2500
"Phleum himalaicum",1350,2350
"Phlogacanthus thyrsiformis",800,1000
"Phlomoides bracteosa",1650,2850
"Phlomoides macrophylla",1350,3600
"Phoenix acaulis",643.5,856.5
"Phoenix sylvestris",850,1000
"Phragmites karka",1050,1200
"Phyllanthus emblica",950,1050
"Phyllanthus fraternus",700,1100
"Phyllanthus urinaria",1100,1300
"Phyllodium pulchellum",550,650
"Physalis angulata",700,1100
"Phytolacca acinosa",1150,2050
"Picea smithiana",885.5,2714.5
"Picrorhiza kurroa",1100,3100
"Pilea scripta",1450,1550
"Pilea umbrosa",1150,2150
"Pimpinella diversifolia",2000,2200
"Pinus roxburghii",1100,1700
"Pinus wallichiana",1200,2900
"Piptanthus nepalensis",1695.5,2304.5
"Pistacia chinensis",1200,1300
"Pistacia khinjuk",1050,1450
"Plantago depressa",1400,2800
"Plantago lanceolata",1300,1700
"Pleurolobus gangeticus",950,1050
"Plumbago zeylanica",1200,1300
"Poa alpina",1250,3250
"Poa annua",2020,2420
"Poa nemoralis",1250,3250
"Poa stapfiana",1050,3050
"Podophyllum hexandrum",1250,3250
"Pogostemon benghalensis",825,975
"Polemonium caeruleum",900,3600
"Polygala abyssinica",1550,1950
"Polygala arvensis",700,1100
"Polygala crotalarioides",1300,1700
"Polygala erioptera",800,1200
"Polygala persicariifolia",1050,1450
"Polygala tatarinowii",1800,2200
"Polygonatum cirrhifolium",1550,3050
"Polygonatum geminiflorum",700,3300
"Polygonatum verticillatum",1600,3100
"Polygonum aviculare",1750,2750
"Polygonum paronychioides",800,3000
"Polygonum plebeium",1200,1300
"Polypogon monspeliensis",1935,2335
"Pongamia pinnata",300,650
"Populus ciliata",1750,1850
"Poranopsis paniculata",900,1000
"Portulaca oleracea",900,1100
"Potentilla atrosanguinea",2000,3600
"Potentilla eriocarpa",2800,3600
"Potentilla gerardiana",1250,2250
"Potentilla indica",2010,2410
"Potentilla nepalensis",1750,3250
"Potentilla sundaica",950,1700
"Potentilla supina",1550,1850
"Pouzolzia rugulosa",1150,1250
"Primula denticulata",1700,3200
"Primula petiolaris",1000,3000
"Primula reidii",1050,3550
"Prinsepia utilis",993,1907
"Prosopis juliflora",300,550
"Prunella vulgaris",1380,2580
"Prunus cerasoides",1250,1850
"Prunus cornuta",1000,2500
"Pseudocaryopteris bicolor",1000,1100
"Pseudoconyza viscosa",400,500
"Pseudognaphalium hypoleucum",1575,1775
"Pseudognaphalium luteoalbum",1050,1450
"Psidium guajava",788,888
"Pueraria tuberosa",700,800
"Punica granatum",1243.5,1456.5
"Pupalia lappacea",1245.5,1345.5
"Putranjiva roxburghii",400,500
"Pyracantha crenulata",995.5,1604.5
"Pyrus pashia",1300,1700
"Quercus floribunda",450,2664.5
"Quercus glauca",1325,1775
"Quercus leucotrichophora",850,1650
"Quercus semecarpifolia",1150,2850
"Ranunculus adoxifolius",650,3600
"Ranunculus arvensis",1050,1450
"Ranunculus diffusus",1550,2450
"Ranunculus distans",2300,2700
"Ranunculus hirtellus",1850,3600
"Ranunculus pulchellus",1441,3600
"Ranunculus sceleratus",848,1152
"Ranunculus trichophyllus",2400,2800
"Raphanus raphanistrum",1598,1902
"Rauvolfia serpentina",700,800
"Reinwardtia indica",1100,1400
"Remusatia pumila",1400,1800
"Remusatia vivipara",745,1355
"Rhamnus purpurea",1250,2250
"Rhamnus triquetra",867,1267
"Rhamnus virgata",1500,2100
"Rheum moorcroftianum",500,3600
"Rheum webbianum",1400,3600
"Rhodiola heterodonta",1250,3600
"Rhodiola sinuata",1400,2600
"Rhodiola tibetica",1000,3600
"Rhodiola wallichiana",1500,3000
"Rhododendron anthopogon",1350,3600
"Rhododendron arboreum",1200,2400
"Rhododendron campanulatum",913.5,3600
"Rhododendron lepidotum",1300,3400
"Rhus chinensis",1175,1825
"Rhynchosia minima",750,1150
"Rhynchosia rothii",700,1100
"Ribes alpestre",900,3100
"Ribes glaciale",1250,3150
"Ribes himalense",750,3150
"Ribes orientale",850,2950
"Ricinus communis",1425,1575
"Robinia pseudoacacia",800,1600
"Rosa macrophylla",1250,2750
"Rosa moschata",995.5,1595.5
"Rosa sericea",1690,2910
"Roscoea alpina",900,3100
"Roscoea purpurea",1050,2050
"Rostellularia mollissima",600,900
"Rostellularia procumbens",1200,1300
"Rostellularia quinqueangularis",500,700
"Rosularia adenotricha",1000,2000
"Rosularia rosulata",750,2250
"Rotala rotundifolia",1300,1400
"Roylea cinerea",1600,2100
"Rubia cordifolia",1619,2381
"Rubus biflorus",759.5,2740.5
"Rubus ellipticus",1050,1450
"Rubus niveus",1603,1903
"Rubus paniculatus",1450,1650
"Ruellia prostrata",400,800
"Rumex acetosa",1550,2550
"Rumex dentatus",1200,1500
"Rumex hastatus",1100,1500
"Rumex nepalensis",1650,2550
"Rungia pectinata",890,1110
"Saccharum spontaneum",950,1050
"Salix alba",400,1600
"Salix denticulata",1200,2800
"Salix flabellaris",1000,3600
"Salix lindleyana",1000,3600
"Salvia cana",1100,1900
"Salvia nubicola",1300,3000
"Salvia plebeia",677.5,847.5
"Salvia strobilifera",500,1500
"Santalum album",300,650
"Sapindus mukorossi",948,1252
"Sarcococca coriacea",1450,2050
"Satyrium nepalense",2000,2600
"Sauromatum venosum",1050,1450
"Saussurea candolleana",1200,3200
"Saussurea piptathera",500,3500
"Saussurea taraxacifolia",1300,3600
"Saxifraga brunonis",1733,3600
"Saxifraga diversifolia",1400,3400
"Saxifraga moorcroftiana",1250,3600
"Saxifraga parnassifolia",1800,3600
"Saxifraga sibirica",1000,3600
"Schisandra grandiflora",1250,2850
"Schizotechium monospermum",1400,2600
"Schleichera oleosa",1150,1350
"Schoenoplectiella juncoides",1300,1400
"Schoenoplectus lacustris",400,400
"Scoparia dulcis",1100,1200
"Scurrula cordifolia",800,1200
"Scutellaria grossa",950,2150
"Scutellaria repens",750,1350
"Scutellaria scandens",900,1700
"Searsia parviflora",1100,1500
"Selinum vaginatum",1250,3250
"Senegalia catechu",700,800
"Senegalia modesta",550,950
"Senegalia pennata",700,800
"Senegalia torta",550,650
"Senna occidentalis",800,1000
"Senna tora",750,850
"Sesamum indicum",1000,1400
"Setaria flavida",700,800
"Setaria intermedia",700,1100
"Setaria palmifolia",1325,1525
"Setaria pumila",1300,1400
"Setaria verticillata",750,1050
"Setaria viridis",1400,2400
"Shorea robusta",700,800
"Shuteria involucrata",1300,1500
"Sibbaldia cuneata",1500,3000
"Sibirotrisetum aeneum",1250,3050
"Sida acuta",1250,1450
"Sida cordata",1068,1372
"Sida cordifolia",1440,1560
"Sida rhombifolia",950,1050
"Sigesbeckia orientalis",1200,1500
"Silene conoidea",1350,1750
"Silene indica",1250,3250
"Silene laxantha",457.5,3200.5
"Silene viscosa",750,3250
"Silene vulgaris",1138,2662
"Sisymbrium irio",1050,1450
"Skimmia laureola",900,2600
"Smilax aspera",1480,1720
"Smilax elegans",1176.5,2176.5
"Smilax vaginata",900,2600
"Smilax zeylanica",675,825
"Smithia ciliata",1350,1450
"Sohmaea laxiflora",1100,1300
"Solanum americanum",1350,1550
"Solanum erianthum",950,1150
"Solanum incanum",643.5,856.5
"Solanum pseudocapsicum",1200,1600
"Solanum viarum",1250,1350
"Solanum violaceum",655.5,868.5
"Solanum virginianum",550,1050
"Solena amplexicaulis",1200,1300
"Sonchus asper",2450,2550
"Sonchus brachyotus",1050,1450
"Sonchus oleraceus",1550,1950
"Sonchus wightianus",1200,1300
"Sophora mollis",621.5,1078.5
"Sopubia trifida",1150,2350
"Sorbaria tomentosa",1079,2579
"Sorbus foliolosa",1300,2800
"Sorbus microphylla",750,3600
"Sorghum halepense",300,950
"Spergula arvensis",1175,1275
"Spermacoce articularis",534.5,684.5
"Spermacoce pusilla",2200,2300
"Spermadictyon suaveolens",1000,1400
"Spiraea canescens",1250,2750
"Spiraea vacciniifolia",714.5,2085.5
"Spiranthes spiralis",500,2000
"Spondias pinnata",607.5,892.5
"Sporobolus diandrus",1200,1300
"Sporobolus fertilis",1280,1580
"Stachys splendens",1250,2750
"Staphylea emodi",600,2400
"Stellaria aquatica",1200,3500
"Stellaria media",1272.5,1672.5
"Stephania rotunda",1200,1300
"Sterculia villosa",700,800
"Stereospermum chelonoides",675,825
"Streblus asper",950,1050
"Strobilanthes atropurpurea",1000,2500
"Strobilanthes pavala",400,900
"Strobilanthes tomentosa",1050,1350
"Strobilanthes wallichii",1730,2230
"Sunhangia elegans",1700,1800
"Swertia alata",1650,2350
"Swertia alternifolia",500,3500
"Swertia angustifolia",1300,1500
"Swertia chirayita",900,2100
"Swertia cordata",1000,2500
"Swertia cuneata",1000,3600
"Swertia paniculata",1250,2750
"Swertia purpurascens",1000,3000
"Swertia speciosa",733.5,3533.5
"Swertia tetragona",750,2550
"Symplocos paniculata",1000,2000
"Synotis alata",1075,2925
"Synotis cappa",1200,1700
"Synotis kunthiana",800,3300
"Synotis rufinervis",1000,3000
"Syringa emodi",800,2800
"Syzygium cumini",690,890
"Tabernaemontana divaricata",750,850
"Tagetes minuta",1250,1350
"Tamarindus indica",400,600
"Taraxacum campylodes",2200,2300
"Taxus wallichiana",850,2650
"Tectona grandis",550,650
"Tephrosia purpurea",675,825
"Tephrosia strigosa",300,600
"Terminalia anogeissiana",503,716
"Terminalia arjuna",300,850
"Terminalia bellirica",750,950
"Terminalia chebula",940.5,1040.5
"Terminalia elliptica",650,850
"Tetrastigma serrulatum",1250,1750
"Teucrium quadrifarium",650,1850
"Thalictrum alpinum",1100,3600
"Thalictrum cultratum",950,3250
"Thalictrum foetidum",1600,3100
"Thalictrum foliolosum",1700,2300
"Thalictrum javanicum",1443,2357
"Thalictrum minus",1500,2000
"Thalictrum pedunculatum",750,2650
"Thalictrum reniforme",1250,2750
"Thamnocalamus spathiflorus",900,2700
"Themeda anathera",1550,1950
"Theropogon pallidus",1235,2735
"Thlaspi arvense",1500,3000
"Thymus linearis",1550,2950
"Toona ciliata",1350,1450
"Torenia cordifolia",1200,1600
"Toxicodendron wallichii",1250,1550
"Trema orientale",900,1000
"Trema politoria",850,950
"Tribulus terrestris",725,875
"Trichodesma indicum",1090,1290
"Tricholepis elongata",850,2150
"Trichosanthes cucumerina",800,1000
"Tridax procumbens",1140,1240
"Trifolium dubium",650,2350
"Trifolium pratense",1150,1550
"Trifolium repens",1550,1950
"Trigastrotheca pentaphylla",650,950
"Trigonella balansae",1800,2200
"Trigonella emodi",1050,3050
"Trigonella gracilis",800,2600
"Trillium govanianum",750,3250
"Tripidium bengalense",350,650
"Tripidium ravennae",550,950
"Tripidium rufipilum",990,2210
"Trisetum clarkei",300,3250
"Triumfetta rhomboidea",1300,1400
"Trollius acaulis",1000,3600
"Ulmus villosa",650,1850
"Uraria picta",598,902
"Urena lobata",940,1040
"Urochloa panicoides",300,950
"Urochloa ramosa",850,950
"Urochloa villosa",1125,1275
"Urtica ardens",1771.5,2228.5
"Urtica dioica",1750,2750
"Vachellia farnesiana",800,1000
"Vachellia nilotica",675,825
"Valeriana hardwickei",1674,2588
"Valeriana jatamansi",1200,2400
"Vallaris solanacea",750,850
"Ventilago denticulata",600,700
"Verbascum coromandelianum",800,1200
"Verbascum thapsus",1800,2200
"Verbena bonariensis",300,1750
"Veronica biloba",1250,2950
"Veronica laxa",750,2250
"Veronica persica",1600,2000
"Viburnum cotinifolium",1110,2610
"Viburnum cylindricum",1400,1900
"Viburnum grandiflorum",1055,2755
"Viburnum mullaha",1250,2750
"Viburnum nervosum",1160,2840
"Vicatia coniifolia",2150,3600
"Vicia hirsuta",1450,1550
"Vicia lens",425,575
"Vicia sativa",1950,2050
"Vicia tenera",900,1600
"Vicoa indica",1275,1525
"Vigna aconitifolia",300,400
"Vigna unguiculata",864.5,964.5
"Vinca major",700,1800
"Vincetoxicum hirundinaria",925,2725
"Viola betonicifolia",1150,1850
"Viola biflora",2100,2400
"Viola canescens",1675,1825
"Viola pilosa",1400,2200
"Vitex negundo",950,1050
"Vitis flexuosa",900,1300
"Wendlandia heynei",850,1000
"Wikstroemia canescens",850,2350
"Withania somnifera",893.5,1106.5
"Woodfordia fruticosa",890.5,1090.5
"Wrightia arborea",850,950
"Wulfeniopsis amherstiana",750,2250
"Xanthium strumarium",1200,1300
"Youngia japonica",1750,1950
"Zanthoxylum armatum",1625,1875
"Zea mays",850,950
"Zeuxine strateumatica",520,680
"Zingiber officinale",550,950
"Ziziphus jujuba",1050,1150
"Ziziphus nummularia",500,900
"Ziziphus oenopolia",525,675
"Ziziphus oxyphylla",700,1100
"Ziziphus xylopyrus",559.5,659.5
"Zornia gibbosa",1050,1150
